<Configuration>
<Add OfficeClientEdition="64" Channel="Monthly">
    <Product ID="Proplus2019Retail">
      <Language ID="en-US" />
      <Language ID="pt-BR" />
      <ExcludeApp ID="Access" />
      <ExcludeApp ID="Publisher" />
      <ExcludeApp ID="Groove" />
      <ExcludeApp ID="Lync" />
      <ExcludeApp ID="OneNote" />
      <ExcludeApp ID="Outlook" />
      <ExcludeApp ID="OneDrive" />
    </Product>
</Add>
<Display Level="Full" AcceptEULA="TRUE" />
<Updates Enabled="TRUE" Channel="Monthly" />
</Configuration>
