<?xml version="1.0" encoding="UTF-8"?>
<GenRun Id="synth_1" LaunchPart="xc7a35tcpg236-1" LaunchTime="1671116155">
  <File Type="PA-TCL" Name="relatorio2.tcl"/>
  <File Type="RDS-PROPCONSTRS" Name="relatorio2_drc_synth.rpt"/>
  <File Type="REPORTS-TCL" Name="relatorio2_reports.tcl"/>
  <File Type="RDS-RDS" Name="relatorio2.vds"/>
  <File Type="RDS-UTIL" Name="relatorio2_utilization_synth.rpt"/>
  <File Type="RDS-UTIL-PB" Name="relatorio2_utilization_synth.pb"/>
  <File Type="RDS-DCP" Name="relatorio2.dcp"/>
  <File Type="VDS-TIMINGSUMMARY" Name="relatorio2_timing_summary_synth.rpt"/>
  <File Type="VDS-TIMING-PB" Name="relatorio2_timing_summary_synth.pb"/>
  <FileSet Name="sources" Type="DesignSrcs" RelSrcDir="$PSRCDIR/sources_1" RelGenDir="$PGENDIR/sources_1">
    <Filter Type="Srcs"/>
    <File Path="$PSRCDIR/sources_1/new/relatorio2.vhd">
      <FileInfo>
        <Attr Name="UsedIn" Val="synthesis"/>
        <Attr Name="UsedIn" Val="simulation"/>
      </FileInfo>
    </File>
    <Config>
      <Option Name="DesignMode" Val="RTL"/>
      <Option Name="TopModule" Val="relatorio2"/>
      <Option Name="TopAutoSet" Val="TRUE"/>
    </Config>
  </FileSet>
  <FileSet Name="constrs_in" Type="Constrs" RelSrcDir="$PSRCDIR/constrs_1">
    <Filter Type="Constrs"/>
    <File Path="$PPRDIR/../../Documentos/PED/Exemplos Aula 04/Basys3_Master.xdc">
      <FileInfo>
        <Attr Name="UsedIn" Val="synthesis"/>
        <Attr Name="UsedIn" Val="implementation"/>
      </FileInfo>
    </File>
    <Config>
      <Option Name="ConstrsType" Val="XDC"/>
    </Config>
  </FileSet>
  <FileSet Name="utils" Type="Utils" RelSrcDir="$PSRCDIR/utils_1">
    <Filter Type="Utils"/>
    <Config>
      <Option Name="TopAutoSet" Val="TRUE"/>
    </Config>
  </FileSet>
  <Strategy Version="1" Minor="2">
    <StratHandle Name="Vivado Synthesis Defaults" Flow="Vivado Synthesis 2022"/>
    <Step Id="synth_design"/>
  </Strategy>
</GenRun>
